<?xml version="1.0" encoding="UTF-8"?>
<?xml-stylesheet type="text/xsl" href="Gallery.xsl"?>

<Gallery  xmlns:xsi='http://www.w3.org/2001/XMLSchema-instance' xsi:noNamespaceSchemaLocation='GallerySchema.xsd'>
    <Stud>
		<Student Name="Daniel Robar"></Student>
		<Image>https://s13.postimg.org/88snxz7p3/alpaca_1672647_640.jpg</Image>
		<Address>9320 Chisholm rd</Address>
		<GPA>3.7</GPA>
		<Medical>
			<Doctor>BW</Doctor>
			<Hospital>Animal</Hospital>
			<Vacination>Face</Vacination>
			<Allergy>Face</Allergy>
			<History>NA</History>
		</Medical>
		<Classes>
			<Class>DTW3500</Class>
			<Class>BW</Class>
			<Class>BW</Class>
			<Class>BW</Class>
			<Class>BW</Class>
		</Classes>
		<ParentContact>
			<pName>DTW3500</pName>
			<pNum>BW</pNum>
			<pAddress>BW</pAddress>
		</ParentContact>
    </Stud>
	
	<Stud>
		<Student Name="Daniel Robar"></Student>
		<Image>https://s17.postimg.org/6yd5n4snj/boot_1620452_640.jpg</Image>
		<Address>9320 Chisholm rd</Address>
		<GPA>3.7</GPA>
		<Medical>
			<Doctor>BW</Doctor>
			<Hospital>Animal</Hospital>
			<Vacination>Face</Vacination>
			<Allergy>Face</Allergy>
			<History>NA</History>
		</Medical>
		<Classes>
			<Class>DTW3500</Class>
			<Class>BW</Class>
			<Class>BW</Class>
			<Class>BW</Class>
			<Class>BW</Class>
		</Classes>
		<ParentContact>
			<pName>DTW3500</pName>
			<pNum>BW</pNum>
			<pAddress>BW</pAddress>
		</ParentContact>
    </Stud>
	
	<Stud>
		<Student Name="Fred"></Student>
		<Image>https://s21.postimg.org/9enp9edtj/vegetables_1114066_640.jpg</Image>
		<Address>9320 Chisholm rd</Address>
		<GPA>3.7</GPA>
		<Medical>
			<Doctor>BW</Doctor>
			<Hospital>Animal</Hospital>
			<Vacination>Face</Vacination>
			<Allergy>Face</Allergy>
			<History>NA</History>
		</Medical>
		<Classes>
			<Class>DTW3500</Class>
			<Class>BW</Class>
			<Class>BW</Class>
			<Class>BW</Class>
			<Class>BW</Class>
		</Classes>
		<ParentContact>
			<pName>DTW3500</pName>
			<pNum>BW</pNum>
			<pAddress>BW</pAddress>
		</ParentContact>
    </Stud>
</Gallery>
